{
	"rooms": {
		"ambulant1": {
			"views": {
				"north": "A1_N.png",
				"west": "A1_W.png",
				"south": "A1_S.png",
				"east": "A1_E.png"
			},
			"exits": {"east": "waiting room"},
			"contents": [{"dentist":2},"clean teeth"]
		},
		"waiting room": {
			"views": {
				"north": "WR_N.png",
				"west": "WR_W.png",
				"south": "WR_S.png",
				"east": "WR_E.png"
			},
			"exits": {
				"west":"ambulant1",
				"east": {
					"left": "rentgen",
					"right": "ambulant2"
				}
			},
			"contents": ["baby tooth"]
		},
		"ambulant2": {
			"views": {
				"north": "A2_N.png",
				"west": "A2_W.png",
				"south": "A2_S.png",
				"east": "A2_E.png"
			},
			"exits": {"west": "waiting room"},
			"contents": ["night toothfairy","pink toothfairy","violet toothfairy"]
		},
		"rentgen": {
			"views": {
				"north": "R_N.png",
				"west": "R_W.png",
				"south": "R_S.png",
				"east": "R_E.png"
			},
			"exits": {"west": "waiting room"},
			"contents": []
		}
	},
	"items": {
		"dentist": { "image": "dentist.png" },
		"baby tooth": { "image": "babyToothCropped.png" },
		"clean teeth": { "image": "cleanTeeth.png" },
		"night toothfairy": { "image": "nightToothfairy.png" },
		"pink toothfairy": { "image": "pinkToothfairy.png" },
		"teeth": { "image": "teeth.png" },
		"violet toothfairy": { "image": "violetToothfairy.png" }
	},
	"player": {		
		"start room":"waiting room",
		"start direction":"north",
		"contents": ["teeth"]
	},
	"movements": {
		"backflip": {
			"east":"west"
		}
	}		
}

























